#,Title,Channel,Duration,Words,Topic,Score,Reason
1,"SpaceX IPO, Iran War Fallout, Quantum Bitcoin Hack, The Space Opportunity",All-In Podcast,75min est,15033,Space & Aerospace,12.5,High signal (score 12.5). Topic: Space & Aerospace
2,"Salesforce CEO on Microsoft Blocking OpenAI Investment, AI Scapegoating, OpenClaw, and Regulation",Matthew Berman,28min est,5764,AI & Machine Learning,12.2,High signal (score 12.2). Topic: AI & Machine Learning
3,What the New ChatGPT 5.4 Means for the World,AI Explained,19min est,3907,AI & Machine Learning,12.2,High signal (score 12.2). Topic: AI & Machine Learning
4,"Anthropic's Generational Run, OpenAI Panics, AI Moats, Meta Loses Major Lawsuits",All-In Podcast,75min est,15176,AI & Machine Learning,12.0,High signal (score 12.0). Topic: AI & Machine Learning
5,Gemini 3.1 Pro and the Downfall of Benchmarks: Welcome to the Vibe Era of AI,AI Explained,17min est,3533,AI & Machine Learning,11.5,High signal (score 11.5). Topic: AI & Machine Learning
6,The Two Best AI Models/Enemies Just Got Released Simultaneously,AI Explained,17min est,3444,AI & Machine Learning,11.5,High signal (score 11.5). Topic: AI & Machine Learning
7,"Two AI Models Set to “stir government urgency”, But Will This Challenge Undo Them?",AI Explained,14min est,2923,AI & Machine Learning,11.5,High signal (score 11.5). Topic: AI & Machine Learning
8,Deadline Day for Autonomous AI Weapons & Mass Surveillance,AI Explained,11min est,2293,AI & Machine Learning,11.5,High signal (score 11.5). Topic: AI & Machine Learning
9,Dylan Patel — The single biggest bottleneck to scaling AI compute,Dwarkesh Patel,158min est,31759,AI & Machine Learning,11.2,High signal (score 11.2). Topic: AI & Machine Learning
10,Jensen Huang: NVIDIA - The $4 Trillion Company & the AI Revolution | Lex Fridman Podcast #494,Lex Fridman,120min est,24118,AI & Machine Learning,11.2,High signal (score 11.2). Topic: AI & Machine Learning
11,Terence Tao – How the world’s top mathematician uses AI,Dwarkesh Patel,82min est,16591,AI & Machine Learning,11.2,High signal (score 11.2). Topic: AI & Machine Learning
12,AI News: Anthropic Leak Shows Us The Future of AI,Matt Wolfe,30min est,6161,AI & Machine Learning,11.2,High signal (score 11.2). Topic: AI & Machine Learning
13,Google’s New AI Just Broke My Brain,Two Minute Papers,6min est,1201,AI & Machine Learning,11.2,High signal (score 11.2). Topic: AI & Machine Learning
14,NVIDIA’s New AI Just Changed Everything,Two Minute Papers,5min est,1199,AI & Machine Learning,11.2,High signal (score 11.2). Topic: AI & Machine Learning
15,"NVIDIA's $1 Trillion Prediction, Anthropic Beats OpenAI, Tesla vs. TSMC & The CS Job Collapse | 240",Peter Diamandis,122min est,24420,AI & Machine Learning,11.0,High signal (score 11.0). Topic: AI & Machine Learning
16,OpenClaw: The Viral AI Agent that Broke the Internet - Peter Steinberger | Lex Fridman Podcast #491,Lex Fridman,154min est,30950,AI & Machine Learning,10.8,High signal (score 10.8). Topic: AI & Machine Learning
17,"The Companies Changing Warfare Forever: Palantir & Anduril Execs on Drones, AI & the Future of War",All-In Podcast,73min est,14708,Geopolitics & World Affairs,10.8,High signal (score 10.8). Topic: Geopolitics & World Affairs
18,François Chollet: Why Scaling Alone Isn’t Enough for AGI,Y Combinator,54min est,10839,AI & Machine Learning,10.8,High signal (score 10.8). Topic: AI & Machine Learning
19,AI Is Unlocking Millions Of New Builders,Y Combinator,47min est,9498,AI & Machine Learning,10.8,High signal (score 10.8). Topic: AI & Machine Learning
20,DeepMind’s New AI Just Changed Science Forever,Two Minute Papers,7min est,1516,AI & Machine Learning,10.8,High signal (score 10.8). Topic: AI & Machine Learning
21,DeepSeek Just Fixed One Of The Biggest Problems With AI,Two Minute Papers,7min est,1458,AI & Machine Learning,10.8,High signal (score 10.8). Topic: AI & Machine Learning
22,Dario Amodei — “We are near the end of the exponential”,Dwarkesh Patel,144min est,28816,Geopolitics & World Affairs,10.5,High signal (score 10.5). Topic: Geopolitics & World Affairs
23,Michael Nielsen – How science actually progresses,Dwarkesh Patel,119min est,23876,Geopolitics & World Affairs,10.5,High signal (score 10.5). Topic: Geopolitics & World Affairs
24,"Why Leonardo was a saboteur, Gutenberg went broke, and Florence was weird – Ada Palmer",Dwarkesh Patel,114min est,22869,Geopolitics & World Affairs,10.5,High signal (score 10.5). Topic: Geopolitics & World Affairs
25,AI News: Anthropic Went Crazy This Week!,Matt Wolfe,32min est,6428,AI & Machine Learning,10.5,High signal (score 10.5). Topic: AI & Machine Learning
26,This Startup Catches Fraud at Scale,Y Combinator,29min est,5831,Business & Startups,10.5,High signal (score 10.5). Topic: Business & Startups
27,The most important question nobody's asking about AI.,Dwarkesh Patel,23min est,4681,Geopolitics & World Affairs,10.5,High signal (score 10.5). Topic: Geopolitics & World Affairs
28,BillionToOne Is Solving One of Biotech’s Hardest Problems,Y Combinator,18min est,3664,Technology & Software,10.5,High signal (score 10.5). Topic: Technology & Software
29,Inside The Startup Reinventing The $6 Trillion Chemical Manufacturing Industry,Y Combinator,12min est,2573,Business & Startups,10.5,High signal (score 10.5). Topic: Business & Startups
30,OpenAI Just Killed Sora,Matt Wolfe,11min est,2370,AI & Machine Learning,10.5,High signal (score 10.5). Topic: AI & Machine Learning
31,AI + Synthetic Biology: The Most Transformative Technology in Human History | Ben Lamm (Colossal),Peter Diamandis,35min est,7017,AI & Machine Learning,10.2,High signal (score 10.2). Topic: AI & Machine Learning
32,Tragic mistake... Anthropic leaks Claude’s source code,Fireship,7min est,1485,AI & Machine Learning,10.2,High signal (score 10.2). Topic: AI & Machine Learning
33,"Rick Beato: Greatest Guitarists of All Time, History & Future of Music | Lex Fridman Podcast #492",Lex Fridman,134min est,26870,AI & Machine Learning,10.0,High signal (score 10.0). Topic: AI & Machine Learning
34,But what is a Laplace Transform?,3Blue1Brown,31min est,6359,AI & Machine Learning,10.0,High signal (score 10.0). Topic: AI & Machine Learning
35,The Hairy Ball Theorem,3Blue1Brown,28min est,5711,AI & Machine Learning,10.0,High signal (score 10.0). Topic: AI & Machine Learning
36,Why Laplace transforms are so useful,3Blue1Brown,21min est,4362,AI & Machine Learning,10.0,High signal (score 10.0). Topic: AI & Machine Learning
37,Khabib vs Lex: Training with Khabib | FULL EXCLUSIVE FOOTAGE,Lex Fridman,7min est,1405,AI & Machine Learning,10.0,High signal (score 10.0). Topic: AI & Machine Learning
38,This Physics Breakthrough Looks Impossible,Two Minute Papers,6min est,1343,AI & Machine Learning,10.0,High signal (score 10.0). Topic: AI & Machine Learning
39,The Algorithm That Made Me Cry,Two Minute Papers,3min est,666,AI & Machine Learning,10.0,High signal (score 10.0). Topic: AI & Machine Learning
40,BREAKING: Claude Code source leaked,Theo - t3.gg,44min est,8881,AI & Machine Learning,9.8,High signal (score 9.8). Topic: AI & Machine Learning
41,We need to talk about the Claude Code rate limits,Theo - t3.gg,35min est,7024,AI & Machine Learning,9.8,High signal (score 9.8). Topic: AI & Machine Learning
42,AI News: Every Major Announcement From This Week,Matt Wolfe,34min est,6957,AI & Machine Learning,9.8,High signal (score 9.8). Topic: AI & Machine Learning
43,Claude Code is unusable now,Theo - t3.gg,26min est,5286,AI & Machine Learning,9.8,High signal (score 9.8). Topic: AI & Machine Learning
44,I got DMCA'd by Anthropic (not a joke),Theo - t3.gg,17min est,3536,AI & Machine Learning,9.8,High signal (score 9.8). Topic: AI & Machine Learning
45,Claude Code was just leaked... (WOAH),Matthew Berman,13min est,2646,AI & Machine Learning,9.8,High signal (score 9.8). Topic: AI & Machine Learning
46,"Four CEOs on the Future of AI: CoreWeave, Perplexity, Mistral, and IREN",All-In Podcast,92min est,18481,Business & Startups,9.5,High signal (score 9.5). Topic: Business & Startups
47,"Uber vs. Tesla, Robotaxi Timelines, and the End of Human Driving | Uber CEO Dara Khosrowshahi | #243",Peter Diamandis,30min est,6091,Business & Startups,9.5,High signal (score 9.5). Topic: Business & Startups
48,"Uber’s Robotaxi Playbook, End of Human Driving & $10B Bet on Robots | Dara Khosrowshahi (Uber CEO)",Peter Diamandis,27min est,5568,Business & Startups,9.5,High signal (score 9.5). Topic: Business & Startups
49,The Secret Spy Tech Inside Every Credit Card,Veritasium,26min est,5392,Technology & Software,9.5,High signal (score 9.5). Topic: Technology & Software
50,The Universe Is Racing Apart. We May Finally Know Why.,PBS Space Time,14min est,2941,Space & Aerospace,9.5,High signal (score 9.5). Topic: Space & Aerospace
51,Most of Reality Is Invisible. We May Finally Be About to Reveal It.,PBS Space Time,14min est,2892,Space & Aerospace,9.5,High signal (score 9.5). Topic: Space & Aerospace
52,Martian Soil Is Deadly. And That's Why It Might Support Life.,PBS Space Time,14min est,2881,Space & Aerospace,9.5,High signal (score 9.5). Topic: Space & Aerospace
53,The Universe Tried to Hide the Gravity Particle. Physicists Found a Loophole.,PBS Space Time,13min est,2711,Space & Aerospace,9.5,High signal (score 9.5). Topic: Space & Aerospace
54,Something Disturbing Happens When You Solve Einstein's Equations This Way,PBS Space Time,10min est,2171,Space & Aerospace,9.5,High signal (score 9.5). Topic: Space & Aerospace
55,Google just dropped Gemma 4... (WOAH),Matthew Berman,7min est,1551,Technology & Software,9.5,High signal (score 9.5). Topic: Technology & Software
56,the worst man in tech,The Primeagen,5min est,1171,Technology & Software,9.5,High signal (score 9.5). Topic: Technology & Software
57,Anthropic just released the real Claude Bot...,Fireship,5min est,1016,AI & Machine Learning,9.5,High signal (score 9.5). Topic: AI & Machine Learning
58,"Elon Enters the Chip Race, the S&P 500 Repricing, and Human Drivers Will Become Illegal | EP #242",Peter Diamandis,114min est,22885,AI & Machine Learning,9.0,High signal (score 9.0). Topic: AI & Machine Learning
59,Google Just Dropped a Quantum Bomb on Crypto,Bankless,60min est,12148,Technology & Software,9.0,High signal (score 9.0). Topic: Technology & Software
60,"We Need To Figure This Out Now... Or We're In Trouble (Oil, Markets, Crypto)",Bankless,56min est,11306,Finance & Crypto,9.0,High signal (score 9.0). Topic: Finance & Crypto
61,This Factory Makes The World's Most Expensive Stuff,Veritasium,47min est,9455,AI & Machine Learning,9.0,High signal (score 9.0). Topic: AI & Machine Learning
62,The Internet Was Weeks Away From Disaster and No One Knew,Veritasium,46min est,9346,AI & Machine Learning,9.0,High signal (score 9.0). Topic: AI & Machine Learning
63,I’m serious.,Theo - t3.gg,42min est,8520,AI & Machine Learning,9.0,High signal (score 9.0). Topic: AI & Machine Learning
64,"Eric Schmidt on the Robotics Race, Singularity Timeline, and Energy Shortage | 241",Peter Diamandis,40min est,8059,AI & Machine Learning,9.0,High signal (score 9.0). Topic: AI & Machine Learning
65,Bryan Johnson: I Just Took the Most Powerful Dose of DMT in the World... Here's What It Was Like,All-In Podcast,37min est,7490,AI & Machine Learning,9.0,High signal (score 9.0). Topic: AI & Machine Learning
66,We all know bash sucks. Why make our agents suffer?,Theo - t3.gg,36min est,7236,AI & Machine Learning,9.0,High signal (score 9.0). Topic: AI & Machine Learning
67,This Paradox Splits Smart People 50/50,Veritasium,23min est,4760,AI & Machine Learning,9.0,High signal (score 9.0). Topic: AI & Machine Learning
68,Why are these 3 letters on almost all of my zippers?,Veritasium,18min est,3684,AI & Machine Learning,9.0,High signal (score 9.0). Topic: AI & Machine Learning
69,I was wrong btw,The Primeagen,18min est,3643,AI & Machine Learning,9.0,High signal (score 9.0). Topic: AI & Machine Learning
70,I built something....,Matthew Berman,16min est,3316,AI & Machine Learning,9.0,High signal (score 9.0). Topic: AI & Machine Learning
71,I Went To DEFCON!,The Primeagen,16min est,3219,AI & Machine Learning,9.0,High signal (score 9.0). Topic: AI & Machine Learning
72,1000 Players - One Game of Doom,The Primeagen,15min est,3090,AI & Machine Learning,9.0,High signal (score 9.0). Topic: AI & Machine Learning
73,This Datacenter Problem Nobody's Talking About,Matt Wolfe,12min est,2577,AI & Machine Learning,9.0,High signal (score 9.0). Topic: AI & Machine Learning
74,I was hacked...,Matthew Berman,12min est,2492,AI & Machine Learning,9.0,High signal (score 9.0). Topic: AI & Machine Learning
75,How the Iran War will actually end,CaspianReport,11min est,2265,Geopolitics & World Affairs,9.0,High signal (score 9.0). Topic: Geopolitics & World Affairs
76,The Most Insane Megaproject You Never Heard About,Kurzgesagt,10min est,2077,AI & Machine Learning,9.0,High signal (score 9.0). Topic: AI & Machine Learning
77,Why Are There No Holes Around Trees?,Kurzgesagt,9min est,1871,AI & Machine Learning,9.0,High signal (score 9.0). Topic: AI & Machine Learning
78,This Is the Scariest Place in The Universe,Kurzgesagt,6min est,1364,AI & Machine Learning,9.0,High signal (score 9.0). Topic: AI & Machine Learning
79,Musician turned Programmer turned Musician,The Primeagen,6min est,1306,AI & Machine Learning,9.0,High signal (score 9.0). Topic: AI & Machine Learning
80,Simulating A Human Brain Is Suddenly Within Reach,Sabine Hossenfelder,5min est,1123,AI & Machine Learning,9.0,High signal (score 9.0). Topic: AI & Machine Learning
81,Scientists start taking UAPs seriously: New data confirmed,Sabine Hossenfelder,5min est,1057,AI & Machine Learning,9.0,High signal (score 9.0). Topic: AI & Machine Learning
82,It's not that string theory failed -- it's worse,Sabine Hossenfelder,5min est,1052,AI & Machine Learning,9.0,High signal (score 9.0). Topic: AI & Machine Learning
83,Physicists Just Linked This 160 Year-Old Math Problem To Black Holes,Sabine Hossenfelder,4min est,978,AI & Machine Learning,9.0,High signal (score 9.0). Topic: AI & Machine Learning
84,We Made A New Channel!,Kurzgesagt,2min est,428,AI & Machine Learning,9.0,High signal (score 9.0). Topic: AI & Machine Learning
85,We Made A New Journal,Kurzgesagt,1min est,235,AI & Machine Learning,9.0,High signal (score 9.0). Topic: AI & Machine Learning
86,"Why Demographics, Wealth Gaps, & AI Are Colliding Now (with Jeff Park)",Bankless,82min est,16469,AI & Machine Learning,8.8,High signal (score 8.8). Topic: AI & Machine Learning
87,Nic Carter: Bitcoin Has 3 Years to Survive the Quantum Threat,Bankless,67min est,13474,Finance & Crypto,8.5,High signal (score 8.5). Topic: Finance & Crypto
88,How The Iran War is Becoming a World War,RealLifeLore,31min est,6368,Geopolitics & World Affairs,8.5,High signal (score 8.5). Topic: Geopolitics & World Affairs
89,Iran has a secret doomsday plan,CaspianReport,9min est,1949,Geopolitics & World Affairs,8.5,High signal (score 8.5). Topic: Geopolitics & World Affairs
90,Iran has a new Supreme Leader. Does it even matter?,CaspianReport,7min est,1539,Geopolitics & World Affairs,8.5,High signal (score 8.5). Topic: Geopolitics & World Affairs
91,An Argument The Moon is a PLANET!,minutephysics,6min est,1234,Space & Aerospace,8.5,High signal (score 8.5). Topic: Space & Aerospace
92,Refueling a NUCLEAR REACTOR - Smarter Every Day 311,SmarterEveryDay,101min est,20332,AI & Machine Learning,8.0,High signal (score 8.0). Topic: AI & Machine Learning
93,Everything About Disc Golf Aerodynamics - Smarter Every Day 313,SmarterEveryDay,87min est,17501,AI & Machine Learning,8.0,High signal (score 8.0). Topic: AI & Machine Learning
94,Your Job Will Be Automated. Here's the Only Skill That Survives,Bankless,82min est,16548,AI & Machine Learning,8.0,High signal (score 8.0). Topic: AI & Machine Learning
95,The Largest Securities Exchange in the World is Coming Onchain,Bankless,62min est,12563,AI & Machine Learning,8.0,High signal (score 8.0). Topic: AI & Machine Learning
96,Pompeii Changed How I Think About The Roman Empire - Smarter Every Day 310,SmarterEveryDay,46min est,9255,AI & Machine Learning,8.0,High signal (score 8.0). Topic: AI & Machine Learning
97,I Went Into a Nuclear Plant and It Changed How I Think About Radiation - Smarter Every Day 309,SmarterEveryDay,42min est,8470,AI & Machine Learning,8.0,High signal (score 8.0). Topic: AI & Machine Learning
98,Webinar Replay: Cambria Global EW 2 ETF and 351 ETF Conversions (GEQ) | Meb Faber,Meb Faber Show,36min est,7260,Finance & Crypto,8.0,High signal (score 8.0). Topic: Finance & Crypto
99,The Middle East's Next War After Iran,RealLifeLore,30min est,6152,Geopolitics & World Affairs,8.0,High signal (score 8.0). Topic: Geopolitics & World Affairs
100,Ronaldo vs My Unbeatable Goalie Robot,Mark Rober,25min est,5144,AI & Machine Learning,8.0,High signal (score 8.0). Topic: AI & Machine Learning
101,How to Escape Alcatraz With Basic Engineering,Mark Rober,25min est,5062,AI & Machine Learning,8.0,High signal (score 8.0). Topic: AI & Machine Learning
102,Uncovering America's Underwater City,Mark Rober,20min est,4098,AI & Machine Learning,8.0,High signal (score 8.0). Topic: AI & Machine Learning
103,Physicists Are Questioning Dark Matter—Here's Why,Arvin Ash,18min est,3794,AI & Machine Learning,8.0,High signal (score 8.0). Topic: AI & Machine Learning
104,Why Do Spinning Things Do This? - Smarter Every Day 312,SmarterEveryDay,18min est,3692,AI & Machine Learning,8.0,High signal (score 8.0). Topic: AI & Machine Learning
105,How ICE's Surveillance System Works,Wendover Productions,18min est,3672,AI & Machine Learning,8.0,High signal (score 8.0). Topic: AI & Machine Learning
106,California's Water Problem,Wendover Productions,18min est,3611,AI & Machine Learning,8.0,High signal (score 8.0). Topic: AI & Machine Learning
107,How Nike Lost Its Way,Wendover Productions,17min est,3470,AI & Machine Learning,8.0,High signal (score 8.0). Topic: AI & Machine Learning
108,I Blew Up A 24 Story Building,Mark Rober,17min est,3412,AI & Machine Learning,8.0,High signal (score 8.0). Topic: AI & Machine Learning
109,The Cruise Industry's Arms Race,Wendover Productions,16min est,3344,AI & Machine Learning,8.0,High signal (score 8.0). Topic: AI & Machine Learning
110,70% of the Universe Is Unknown — Here’s What We Know,Arvin Ash,16min est,3230,AI & Machine Learning,8.0,High signal (score 8.0). Topic: AI & Machine Learning
111,How Red Bull Built Its Empire,Wendover Productions,15min est,3089,AI & Machine Learning,8.0,High signal (score 8.0). Topic: AI & Machine Learning
112,Taiwan is Not Venezuela,Polymatter,15min est,3075,AI & Machine Learning,8.0,High signal (score 8.0). Topic: AI & Machine Learning
113,Do *you* understand ISO?,minutephysics,13min est,2693,AI & Machine Learning,8.0,High signal (score 8.0). Topic: AI & Machine Learning
114,The Liquid Hammer Toy You Can't Buy,Steve Mould,13min est,2673,AI & Machine Learning,8.0,High signal (score 8.0). Topic: AI & Machine Learning
115,America’s Self-Inflicted Doctor Shortage,Polymatter,13min est,2648,AI & Machine Learning,8.0,High signal (score 8.0). Topic: AI & Machine Learning
116,Amplifying Invisible Motion,Steve Mould,13min est,2646,AI & Machine Learning,8.0,High signal (score 8.0). Topic: AI & Machine Learning
117,Surely it Breaks The 2nd Law,Steve Mould,13min est,2602,AI & Machine Learning,8.0,High signal (score 8.0). Topic: AI & Machine Learning
118,Here's Why Personality Tests ALWAYS Work*,SciShow,12min est,2559,AI & Machine Learning,8.0,High signal (score 8.0). Topic: AI & Machine Learning
119,The Weirdest Microscope,Steve Mould,12min est,2505,AI & Machine Learning,8.0,High signal (score 8.0). Topic: AI & Machine Learning
120,Why Puerto Rico’s Economy Doesn’t Work,Polymatter,12min est,2486,AI & Machine Learning,8.0,High signal (score 8.0). Topic: AI & Machine Learning
121,Why boots on the ground is coming,CaspianReport,10min est,2190,AI & Machine Learning,8.0,High signal (score 8.0). Topic: AI & Machine Learning
122,The European Country Putin Stubbornly Refuses to Invade,Polymatter,10min est,2081,AI & Machine Learning,8.0,High signal (score 8.0). Topic: AI & Machine Learning
123,Can You Turn a Rainbow Back into White Light?,Steve Mould,10min est,2080,AI & Machine Learning,8.0,High signal (score 8.0). Topic: AI & Machine Learning
124,Why Geologists Lick Petrified Poop,SciShow,10min est,2028,AI & Machine Learning,8.0,High signal (score 8.0). Topic: AI & Machine Learning
125,Did Science Accidentally Point to God?,Arvin Ash,9min est,1926,AI & Machine Learning,8.0,High signal (score 8.0). Topic: AI & Machine Learning
126,Are America’s Students Falling Behind?,Polymatter,8min est,1723,AI & Machine Learning,8.0,High signal (score 8.0). Topic: AI & Machine Learning
127,The Hidden Structure of Reality (11 Layers of Existence),Arvin Ash,8min est,1722,AI & Machine Learning,8.0,High signal (score 8.0). Topic: AI & Machine Learning
128,The Epstein files hurt America more than missiles ever could,CaspianReport,8min est,1686,AI & Machine Learning,8.0,High signal (score 8.0). Topic: AI & Machine Learning
129,So You Think Gravity Controls the Universe? Think Again,Arvin Ash,8min est,1662,AI & Machine Learning,8.0,High signal (score 8.0). Topic: AI & Machine Learning
130,Antarctica Has An Accent and It's Weirder Than You Think,SciShow,8min est,1656,AI & Machine Learning,8.0,High signal (score 8.0). Topic: AI & Machine Learning
131,The TROJAN Test,minutephysics,7min est,1594,AI & Machine Learning,8.0,High signal (score 8.0). Topic: AI & Machine Learning
132,"Chimps Love ""People Watching"" Too",SciShow,7min est,1520,AI & Machine Learning,8.0,High signal (score 8.0). Topic: AI & Machine Learning
133,The Earth Keeps Making Mountains in Colorado and Scientists Don’t Know Why,SciShow,7min est,1503,AI & Machine Learning,8.0,High signal (score 8.0). Topic: AI & Machine Learning
134,He just crawled through hell to fix the browser…,Fireship,6min est,1217,AI & Machine Learning,8.0,High signal (score 8.0). Topic: AI & Machine Learning
135,Is Quantum Mechanics Stopping Aliens From Contacting Us?,minutephysics,5min est,1162,AI & Machine Learning,8.0,High signal (score 8.0). Topic: AI & Machine Learning
136,"Cursor ditches VS Code, but not everyone is happy...",Fireship,5min est,1115,AI & Machine Learning,8.0,High signal (score 8.0). Topic: AI & Machine Learning
137,These Petroglyphs Helped Humans Survive the Desert,SciShow,5min est,1105,AI & Machine Learning,8.0,High signal (score 8.0). Topic: AI & Machine Learning
138,The REAL Reason Asteroids Aren't Planets,minutephysics,4min est,991,AI & Machine Learning,8.0,High signal (score 8.0). Topic: AI & Machine Learning
139,Millions of JS devs just got penetrated by a RAT…,Fireship,4min est,956,AI & Machine Learning,8.0,High signal (score 8.0). Topic: AI & Machine Learning
140,Van Simmons on the Collectibles Market Shift Nobody Expected,Meb Faber Show,73min est,14752,Finance & Crypto,7.5,High signal (score 7.5). Topic: Finance & Crypto
141,The Market Is Entering a New Cycle - Morgan Stanley's Mike Wilson,Meb Faber Show,43min est,8712,Finance & Crypto,7.5,High signal (score 7.5). Topic: Finance & Crypto
142,Coding Adventure: Simulating Smoke,Sebastian Lague,39min est,7965,Technology & Software,7.5,High signal (score 7.5). Topic: Technology & Software
143,I Tried Coding My Own Synthesizer,Sebastian Lague,28min est,5671,Technology & Software,7.5,High signal (score 7.5). Topic: Technology & Software
144,Coding Adventure: Analyzing Audio,Sebastian Lague,19min est,3838,Technology & Software,7.5,High signal (score 7.5). Topic: Technology & Software
145,The Making of the Modern Middle East,RealLifeLore,241min est,48370,AI & Machine Learning,7.0,High signal (score 7.0). Topic: AI & Machine Learning
146,Private Equity's Low Volatility Isn't Real,Meb Faber Show,83min est,16657,AI & Machine Learning,7.0,High signal (score 7.0). Topic: AI & Machine Learning
147,Why Rich Investors NEVER Sell Their Biggest Winners,Meb Faber Show,52min est,10462,AI & Machine Learning,7.0,High signal (score 7.0). Topic: AI & Machine Learning
148,The SID: Classic 8-bit sound,Ben Eater,29min est,5857,AI & Machine Learning,7.0,High signal (score 7.0). Topic: AI & Machine Learning
149,What Happens When No One Wants to Trade With You?,Economics Explained,28min est,5632,AI & Machine Learning,7.0,High signal (score 7.0). Topic: AI & Machine Learning
150,"Why 400,000 People Live in Earth's Coldest City",RealLifeLore,24min est,4992,AI & Machine Learning,7.0,High signal (score 7.0). Topic: AI & Machine Learning
151,I Made a Game in 4 Days (for the GMTK jam),Sebastian Lague,24min est,4906,AI & Machine Learning,7.0,High signal (score 7.0). Topic: AI & Machine Learning
152,Sound synth with a 6502,Ben Eater,20min est,4135,AI & Machine Learning,7.0,High signal (score 7.0). Topic: AI & Machine Learning
153,How do aircraft systems communicate?,Ben Eater,20min est,4115,AI & Machine Learning,7.0,High signal (score 7.0). Topic: AI & Machine Learning
154,The Nightmare Geography Glitch Hiding in New Hampshire,RealLifeLore,20min est,4062,AI & Machine Learning,7.0,High signal (score 7.0). Topic: AI & Machine Learning
155,Computer noises,Ben Eater,18min est,3716,AI & Machine Learning,7.0,High signal (score 7.0). Topic: AI & Machine Learning
156,Iran Was Never About Iran,Andrei Jikh,18min est,3680,Geopolitics & World Affairs,7.0,High signal (score 7.0). Topic: Geopolitics & World Affairs
157,How to Rebuild an Economy,Economics Explained,17min est,3584,AI & Machine Learning,7.0,High signal (score 7.0). Topic: AI & Machine Learning
158,We Went to NASA To Solve a Computer Mystery,Linus Tech Tips,16min est,3388,Technology & Software,7.0,High signal (score 7.0). Topic: Technology & Software
159,Reviewing Everything on my Desk! (2026),MKBHD,16min est,3357,AI & Machine Learning,7.0,High signal (score 7.0). Topic: AI & Machine Learning
160,Finland's Happy Little Economic Crisis,Economics Explained,15min est,3089,AI & Machine Learning,7.0,High signal (score 7.0). Topic: AI & Machine Learning
161,Has the World Become Uninsurable?,Economics Explained,15min est,3018,AI & Machine Learning,7.0,High signal (score 7.0). Topic: AI & Machine Learning
162,"Why $129,000 Is the New Poor",Economics Explained,13min est,2600,AI & Machine Learning,7.0,High signal (score 7.0). Topic: AI & Machine Learning
163,Modern SID chip substitutes,Ben Eater,12min est,2511,AI & Machine Learning,7.0,High signal (score 7.0). Topic: AI & Machine Learning
164,Nothing Phone 4A/Pro Review: I Have a Theory,MKBHD,12min est,2401,AI & Machine Learning,7.0,High signal (score 7.0). Topic: AI & Machine Learning
165,The Windows Laptop Problem,MKBHD,10min est,2025,AI & Machine Learning,7.0,High signal (score 7.0). Topic: AI & Machine Learning
166,Bluey Phone Review,MKBHD,4min est,806,AI & Machine Learning,7.0,High signal (score 7.0). Topic: AI & Machine Learning
167,How capitalism ate the culture,Vox,39min est,7815,Technology & Software,6.5,Medium signal (score 6.5). Topic: Technology & Software
168,The Gamer Jet is Real! and it Cost $0*,Linus Tech Tips,23min est,4791,Technology & Software,6.5,Medium signal (score 6.5). Topic: Technology & Software
169,He Needs a NAS,Linus Tech Tips,23min est,4707,Technology & Software,6.5,Medium signal (score 6.5). Topic: Technology & Software
170,"Sen. Murphy vs. Trump's corruption | Today, Explained",Vox,18min est,3605,Geopolitics & World Affairs,6.5,Medium signal (score 6.5). Topic: Geopolitics & World Affairs
171,How Wall Street Took Over Bitcoin,Andrei Jikh,16min est,3239,Finance & Crypto,6.5,Medium signal (score 6.5). Topic: Finance & Crypto
172,WTF Just Happened To The Housing Market?!,Graham Stephan,16min est,3228,Finance & Crypto,6.5,Medium signal (score 6.5). Topic: Finance & Crypto
173,Why wasn't Teddy Roosevelt allowed to fight in World War One? (Short Animated Documentary),History Matters,10min est,2034,Geopolitics & World Affairs,6.5,Medium signal (score 6.5). Topic: Geopolitics & World Affairs
174,Why did Mao win the Chinese Civil War?,History Matters,10min est,2000,Geopolitics & World Affairs,6.5,Medium signal (score 6.5). Topic: Geopolitics & World Affairs
175,Why did Austria-Hungary do so poorly in World War One? (Short Animated Documentary),History Matters,9min est,1971,Geopolitics & World Affairs,6.5,Medium signal (score 6.5). Topic: Geopolitics & World Affairs
176,The New American Dream: Moving To Europe,Financial Diet,56min est,11260,AI & Machine Learning,6.0,Medium signal (score 6.0). Topic: AI & Machine Learning
177,Why humans need to matter,Vox,34min est,6866,AI & Machine Learning,6.0,Medium signal (score 6.0). Topic: AI & Machine Learning
178,I’m A Recovering Emotional Spender — Here’s How I Budget,Financial Diet,32min est,6498,AI & Machine Learning,6.0,Medium signal (score 6.0). Topic: AI & Machine Learning
179,GEOGRAPHY NOW! CHENGDU,Geography Now,27min est,5512,AI & Machine Learning,6.0,Medium signal (score 6.0). Topic: AI & Machine Learning
180,How I went to each continent,Geography Now,25min est,5064,AI & Machine Learning,6.0,Medium signal (score 6.0). Topic: AI & Machine Learning
181,The End Of Pax Americana,Andrei Jikh,23min est,4657,AI & Machine Learning,6.0,Medium signal (score 6.0). Topic: AI & Machine Learning
182,6 Things To Do If You Want To Retire In Your 40s,Financial Diet,22min est,4467,AI & Machine Learning,6.0,Medium signal (score 6.0). Topic: AI & Machine Learning
183,Your Car Payment Is Stealing Your Retirement (The Math They Don't Show You),WhiteBoard Finance,22min est,4458,AI & Machine Learning,6.0,Medium signal (score 6.0). Topic: AI & Machine Learning
184,Why The U.S. Economy Has Not Collapsed Yet,Andrei Jikh,21min est,4330,AI & Machine Learning,6.0,Medium signal (score 6.0). Topic: AI & Machine Learning
185,How Much Car Can You Actually Afford? (By Salary),WhiteBoard Finance,18min est,3661,AI & Machine Learning,6.0,Medium signal (score 6.0). Topic: AI & Machine Learning
186,How an A note became an A note,Vox,17min est,3564,AI & Machine Learning,6.0,Medium signal (score 6.0). Topic: AI & Machine Learning
187,"Asia's ""hidden"" country ZOMIA...explained",Geography Now,17min est,3540,AI & Machine Learning,6.0,Medium signal (score 6.0). Topic: AI & Machine Learning
188,9 MAJOR Money Moves To Make In Your 30s (Wealthy By 40),WhiteBoard Finance,17min est,3511,AI & Machine Learning,6.0,Medium signal (score 6.0). Topic: AI & Machine Learning
189,America’s Paper Economy Is Breaking,Andrei Jikh,17min est,3489,AI & Machine Learning,6.0,Medium signal (score 6.0). Topic: AI & Machine Learning
190,This Psychological Money Trap Is Keeping You POOR!,WhiteBoard Finance,17min est,3431,AI & Machine Learning,6.0,Medium signal (score 6.0). Topic: AI & Machine Learning
191,Are Hungarians...ASIANS?,Geography Now,17min est,3410,AI & Machine Learning,6.0,Medium signal (score 6.0). Topic: AI & Machine Learning
192,We Need To Talk About Relationship Privilege,Financial Diet,16min est,3356,AI & Machine Learning,6.0,Medium signal (score 6.0). Topic: AI & Machine Learning
193,"The hidden ""country"" of CAUCASIA explained",Geography Now,15min est,3094,AI & Machine Learning,6.0,Medium signal (score 6.0). Topic: AI & Machine Learning
194,The Exact Order To Invest Your Money (Most People Get This Wrong),WhiteBoard Finance,15min est,3049,AI & Machine Learning,6.0,Medium signal (score 6.0). Topic: AI & Machine Learning
195,Why couldn't the Mongols conquer Japan? (Short Animated Documentary),History Matters,10min est,2148,AI & Machine Learning,6.0,Medium signal (score 6.0). Topic: AI & Machine Learning
196,Why didn't the US focus on Japan first in WW2? (Short Animated Documentary),History Matters,9min est,1979,AI & Machine Learning,6.0,Medium signal (score 6.0). Topic: AI & Machine Learning
197,The end of birthright citizenship as we know it?,Vox,7min est,1535,AI & Machine Learning,6.0,Medium signal (score 6.0). Topic: AI & Machine Learning
198,The Story You’re Not Hearing About AI Data Centers | Ayșe Coskun | TED,TED,7min est,1531,AI & Machine Learning,4.8,Medium signal (score 4.8). Topic: AI & Machine Learning
199,How to Change Someone’s Perspective | Buenos Aires | TED Idea Search,TED,30min est,6049,AI & Machine Learning,4.0,Medium signal (score 4.0). Topic: AI & Machine Learning
200,The New Science of Eyewitness Memory | John Wixted | TED,TED,13min est,2641,AI & Machine Learning,4.0,Medium signal (score 4.0). Topic: AI & Machine Learning
201,Jermaine Dupri on the Art of Making a Hit | On the Spot | TED,TED,9min est,1870,AI & Machine Learning,4.0,Medium signal (score 4.0). Topic: AI & Machine Learning
202,Stock Market Maestros: How Top Fund Managers Beat the Market w/ Kyle Grieve (TIP805),We Study Billionaires,62min est,12442,Finance & Crypto,3.5,Standard import. Topic: Finance & Crypto
203,"Tesla and SpaceX Alumni on Elon Musk, Decision Velocity, and the Future of Hard Tech | a16z",Andreessen Horowitz,56min est,11338,Space & Aerospace,3.5,Standard import. Topic: Space & Aerospace
204,"How To Boost NAD Levels To Fight Inflammation, Improve Recovery, and Slow Aging",Rhonda Patrick,85min est,17135,AI & Machine Learning,3.2,Standard import. Topic: AI & Machine Learning
205,How Omega-3s May Slow Biological Aging (New Evidence),Rhonda Patrick,65min est,13095,AI & Machine Learning,3.2,Standard import. Topic: AI & Machine Learning
206,"Dr. Rhonda Patrick: Maximizing Healthspan with Exercise, Sauna, & Cold Exposure",Rhonda Patrick,83min est,16753,Health & Longevity,3.0,Standard import. Topic: Health & Longevity
207,Kinsale Capital Stock Deep Dive w/ Clay Finck & Daniel Mahncke (TIP804),We Study Billionaires,67min est,13481,Technology & Software,3.0,Standard import. Topic: Technology & Software
208,Inside The $100M Bet on the Future of Space | Northwood CEO on a16z,Andreessen Horowitz,37min est,7525,Space & Aerospace,3.0,Standard import. Topic: Space & Aerospace
209,🚨 WARNING: Bitcoin’s Next Move Could Catch Everyone Off Guard,DataDash,35min est,7124,Geopolitics & World Affairs,3.0,Standard import. Topic: Geopolitics & World Affairs
210,A guide to cardiorespiratory training at any fitness level to improve longevity (AMA 79 sneak peek),Peter Attia,31min est,6385,Health & Longevity,3.0,Standard import. Topic: Health & Longevity
211,Why is China abandoning Iran? @visualpolitik,VisualPolitik,17min est,3420,Geopolitics & World Affairs,3.0,Standard import. Topic: Geopolitics & World Affairs
212,Where Trump’s Tariff Rates Are Headed,CNBC,3min est,690,Geopolitics & World Affairs,3.0,Standard import. Topic: Geopolitics & World Affairs
213,How The Iran War Is Being Fought Through Memes,CNBC,2min est,437,Geopolitics & World Affairs,3.0,Standard import. Topic: Geopolitics & World Affairs
214,"How Bots, Deepfakes and AI Agents Are Forcing a New Internet Identity Layer | Alex Blania on a16z",Andreessen Horowitz,41min est,8259,AI & Machine Learning,2.8,Standard import. Topic: AI & Machine Learning
215,How to Reorg After AI Changes Everything | Block's Owen Jennings on the a16z Show,Andreessen Horowitz,27min est,5414,AI & Machine Learning,2.8,Standard import. Topic: AI & Machine Learning
216,Two Philosophers on How AI Will Change Everyday Life,Sam Harris,14min est,2808,AI & Machine Learning,2.8,Standard import. Topic: AI & Machine Learning
217,The Best Vitality & Health Protocols | Dr. Rhonda Patrick,Huberman Lab,216min est,43327,Health & Longevity,2.5,Standard import. Topic: Health & Longevity
218,"Why Bitcoin Is Digital Gold, Not Digital Cash | Balaji Srinivasan on The a16z Show",Andreessen Horowitz,62min est,12400,Finance & Crypto,2.5,Standard import. Topic: Finance & Crypto
219,Value Investing Meets Venture Capital w/ Kyle Grieve (TIP801),We Study Billionaires,59min est,11885,Technology & Software,2.5,Standard import. Topic: Technology & Software
220,"""Coding Will Eat All Knowledge Work"" | Peter Yang on The a16z Show",Andreessen Horowitz,38min est,7668,Technology & Software,2.5,Standard import. Topic: Technology & Software
221,TAIWÁN y EEUU sellan un pacto HISTÓRICO contra CHINA @VisualPolitik,VisualPolitik,20min est,4191,Geopolitics & World Affairs,2.5,Standard import. Topic: Geopolitics & World Affairs
222,SIN FRENO EN IRÁN: ¿Se rompe el PLAN de TRUMP? @VisualPolitik,VisualPolitik,20min est,4182,Geopolitics & World Affairs,2.5,Standard import. Topic: Geopolitics & World Affairs
223,Leveraged XRP ETFs Explained,CoinDesk,9min est,1945,Finance & Crypto,2.5,Standard import. Topic: Finance & Crypto
224,I meal prepped 46 boring lunches to be healthier,Matt D'Avella,8min est,1789,Health & Longevity,2.5,Standard import. Topic: Health & Longevity
225,"How Early Training Choices Shape Women’s Health for Life | Abbie Smith-Ryan, Ph.D.",Peter Attia,6min est,1205,Health & Longevity,2.5,Standard import. Topic: Health & Longevity
226,How Companies Have Fared One Year After Tariffs,CNBC,2min est,562,Geopolitics & World Affairs,2.5,Standard import. Topic: Geopolitics & World Affairs
227,Love is Alive? Hidden twist and Easter eggs from You season 3 Netflix | Video essay English |,Deep Look,1min est,265,Finance & Crypto,2.5,Standard import. Topic: Finance & Crypto
228,How To Build Lasting Happiness | Dr. Arthur Brooks,Rhonda Patrick,170min est,34128,AI & Machine Learning,2.0,Standard import. Topic: AI & Machine Learning
229,"The Modern Middle East, Explained",Johnny Harris,143min est,28661,AI & Machine Learning,2.0,Standard import. Topic: AI & Machine Learning
230,Why Vigorous Exercise Is 4–10x More Effective Than Moderate (New Evidence),Rhonda Patrick,136min est,27256,AI & Machine Learning,2.0,Standard import. Topic: AI & Machine Learning
231,Why That Pesky Last 10 Pounds Won’t Come Off | Mind Pump 2829,Mind Pump Show,131min est,26208,AI & Machine Learning,2.0,Standard import. Topic: AI & Machine Learning
232,How to Cultivate Awe & Emotional Connection in Daily Life | Dr. Dacher Keltner,Huberman Lab,128min est,25677,AI & Machine Learning,2.0,Standard import. Topic: AI & Machine Learning
233,How Hormones Shape Sexual Orientation & Behavior | Dr. Marc Breedlove,Huberman Lab,117min est,23451,AI & Machine Learning,2.0,Standard import. Topic: AI & Machine Learning
234,380 ‒ The seed oil debate: are they uniquely harmful relative to other dietary fats?,Peter Attia,116min est,23342,AI & Machine Learning,2.0,Standard import. Topic: AI & Machine Learning
235,The Least Amount You Can Train and Still See Results | Mind Pump 2826,Mind Pump Show,114min est,22892,AI & Machine Learning,2.0,Standard import. Topic: AI & Machine Learning
236,Notion feels incomplete without this note-taking setup,Thomas Frank,99min est,19945,AI & Machine Learning,2.0,Standard import. Topic: AI & Machine Learning
237,Modern physics is forcing us to rethink existence | Michelle Thaller: Full Interview,Big Think,77min est,15509,AI & Machine Learning,2.0,Standard import. Topic: AI & Machine Learning
238,The “Goldilocks Zone” - Build Muscle WITHOUT Bulking or Cutting | Mind Pump 2828,Mind Pump Show,75min est,15080,AI & Machine Learning,2.0,Standard import. Topic: AI & Machine Learning
239,Financial Engineering & Fake Value: Lessons from the Go-Go Years (TIP802),We Study Billionaires,61min est,12392,AI & Machine Learning,2.0,Standard import. Topic: AI & Machine Learning
240,How Art & Economics Build Wealth w/ Kyle Grieve (TIP803),We Study Billionaires,60min est,12177,AI & Machine Learning,2.0,Standard import. Topic: AI & Machine Learning
241,The bizarre phenomena that medicine struggles to explain | David Linden: Full Interview,Big Think,48min est,9650,AI & Machine Learning,2.0,Standard import. Topic: AI & Machine Learning
242,Is Fascism Back?,Johnny Harris,46min est,9243,AI & Machine Learning,2.0,Standard import. Topic: AI & Machine Learning
243,"If I Started YouTube from Scratch in 2026, I’d do THIS",Ali Abdaal,45min est,9056,AI & Machine Learning,2.0,Standard import. Topic: AI & Machine Learning
244,Talking news and media with Max Fisher,Johnny Harris,43min est,8712,AI & Machine Learning,2.0,Standard import. Topic: AI & Machine Learning
245,I thought time tracking in Notion was impossible until I figured this out,Thomas Frank,40min est,8143,AI & Machine Learning,2.0,Standard import. Topic: AI & Machine Learning
246,I can't believe how well this Notion daily planner helps me focus,Thomas Frank,38min est,7666,AI & Machine Learning,2.0,Standard import. Topic: AI & Machine Learning
247,"Essentials: How to Build Strength, Muscle Size & Endurance | Dr. Andy Galpin",Huberman Lab,35min est,7170,AI & Machine Learning,2.0,Standard import. Topic: AI & Machine Learning
248,Is Effective Altruism Blind to the Biggest Problems? – Sam Harris & Will MacAskill,Sam Harris,29min est,5827,AI & Machine Learning,2.0,Standard import. Topic: AI & Machine Learning
249,Using Salt to Optimize Mental & Physical Performance | Huberman Lab Essentials,Huberman Lab,28min est,5780,AI & Machine Learning,2.0,Standard import. Topic: AI & Machine Learning
250,The psychology of making money,Ali Abdaal,28min est,5714,AI & Machine Learning,2.0,Standard import. Topic: AI & Machine Learning
251,You’re Not Failing Your Diet… Your Diet Is Failing You | Mind Pump 2827,Mind Pump Show,26min est,5393,AI & Machine Learning,2.0,Standard import. Topic: AI & Machine Learning
252,Brutally Honest Truth On How To Get Rich,Ali Abdaal,24min est,4980,AI & Machine Learning,2.0,Standard import. Topic: AI & Machine Learning
253,The Best Push Pull Legs Program For Building Muscle (MAPS PPL) | Mind Pump 2830,Mind Pump Show,23min est,4695,AI & Machine Learning,2.0,Standard import. Topic: AI & Machine Learning
254,This is why your task manager overwhelms you.,Thomas Frank,22min est,4595,AI & Machine Learning,2.0,Standard import. Topic: AI & Machine Learning
255,How I'd Create Content in 2026 (If I Had To Start Over),Ali Abdaal,22min est,4536,AI & Machine Learning,2.0,Standard import. Topic: AI & Machine Learning
256,10 Rules to Read More Books This Year,Ali Abdaal,20min est,4091,AI & Machine Learning,2.0,Standard import. Topic: AI & Machine Learning
257,EEUU va a por el ORO de VENEZUELA (y puede acabar MUY mal) @VisualPolitik,VisualPolitik,19min est,3985,AI & Machine Learning,2.0,Standard import. Topic: AI & Machine Learning
258,Runway Numbers Explained,CGP Grey,18min est,3643,AI & Machine Learning,2.0,Standard import. Topic: AI & Machine Learning
259,The Los Angeles Aqueduct is Wild,Practical Engineering,17min est,3548,AI & Machine Learning,2.0,Standard import. Topic: AI & Machine Learning
260,Notion's new Dashboards: Everything you need to know,Thomas Frank,17min est,3442,AI & Machine Learning,2.0,Standard import. Topic: AI & Machine Learning
261,How to make more money (even if you're dumb),Better Ideas,16min est,3337,AI & Machine Learning,2.0,Standard import. Topic: AI & Machine Learning
262,So You Want to Build a Tunnel...,Practical Engineering,16min est,3298,AI & Machine Learning,2.0,Standard import. Topic: AI & Machine Learning
263,Do Retention Ponds Actually Work?,Practical Engineering,14min est,2972,AI & Machine Learning,2.0,Standard import. Topic: AI & Machine Learning
264,I tried zone 2 training for 30 days (what I learned),Matt D'Avella,14min est,2920,AI & Machine Learning,2.0,Standard import. Topic: AI & Machine Learning
265,How Earthquake Bearings Work,Practical Engineering,14min est,2909,AI & Machine Learning,2.0,Standard import. Topic: AI & Machine Learning
266,The Hidden Engineering of Runways,Practical Engineering,14min est,2907,AI & Machine Learning,2.0,Standard import. Topic: AI & Machine Learning
267,6 things that quickly cured my procrastination,Better Ideas,14min est,2896,AI & Machine Learning,2.0,Standard import. Topic: AI & Machine Learning
268,The most life-changing advice I ever got,Matt D'Avella,13min est,2617,AI & Machine Learning,2.0,Standard import. Topic: AI & Machine Learning
269,The water bottle trend has gone too far,Matt D'Avella,13min est,2611,AI & Machine Learning,2.0,Standard import. Topic: AI & Machine Learning
270,This is how to unf*** your life in one year,Better Ideas,12min est,2596,AI & Machine Learning,2.0,Standard import. Topic: AI & Machine Learning
271,The laziness cure you don't want to hear,Better Ideas,11min est,2237,AI & Machine Learning,2.0,Standard import. Topic: AI & Machine Learning
272,The biggest self-help lie,Matt D'Avella,10min est,2196,AI & Machine Learning,2.0,Standard import. Topic: AI & Machine Learning
273,"Cooking with Lard vs Seed Oils | Layne Norton, Ph.D.",Peter Attia,10min est,2084,AI & Machine Learning,2.0,Standard import. Topic: AI & Machine Learning
274,Your life's greatest chapter begins now,Better Ideas,10min est,2050,AI & Machine Learning,2.0,Standard import. Topic: AI & Machine Learning
275,Nobody Knows How Tylenol Works,Half as Interesting,8min est,1658,AI & Machine Learning,2.0,Standard import. Topic: AI & Machine Learning
276,The Terrible Design of the US Mail Truck,Half as Interesting,8min est,1652,AI & Machine Learning,2.0,Standard import. Topic: AI & Machine Learning
277,The International Airport That Can Only Send Flights to Turkey,Half as Interesting,8min est,1650,AI & Machine Learning,2.0,Standard import. Topic: AI & Machine Learning
278,Ask a better question: Who Not How by Dan Sullivan & Dr. Benjamin Hardy | Core Message,Productivity Game,7min est,1560,AI & Machine Learning,2.0,Standard import. Topic: AI & Machine Learning
279,Body Language 101: The Science of Mirroring,Improvement Pill,7min est,1539,AI & Machine Learning,2.0,Standard import. Topic: AI & Machine Learning
280,The Highway Loophole That Created The Worst Town in America,Half as Interesting,7min est,1519,AI & Machine Learning,2.0,Standard import. Topic: AI & Machine Learning
281,Nickels Cost More to Make Than They're Worth,CGP Grey,7min est,1488,AI & Machine Learning,2.0,Standard import. Topic: AI & Machine Learning
282,Why You Shouldn't Second Guess Your Decisions,Improvement Pill,7min est,1472,AI & Machine Learning,2.0,Standard import. Topic: AI & Machine Learning
283,"If You Always Assume You're Being Lied To, You'll Believe Anything",Sam Harris,7min est,1442,AI & Machine Learning,2.0,Standard import. Topic: AI & Machine Learning
284,The Courage To Be Disliked,Improvement Pill,7min est,1405,AI & Machine Learning,2.0,Standard import. Topic: AI & Machine Learning
285,"Is Industrial Processing the Real Problem With Seed Oils? | Layne Norton, Ph.D.",Peter Attia,6min est,1388,AI & Machine Learning,2.0,Standard import. Topic: AI & Machine Learning
286,Stop Obsessing Over Your Crush,Improvement Pill,6min est,1358,AI & Machine Learning,2.0,Standard import. Topic: AI & Machine Learning
287,This Workout Protects Your Brain For Years,Tim Ferriss,6min est,1283,AI & Machine Learning,2.0,Standard import. Topic: AI & Machine Learning
288,SPEED READING by Kam Knight | Core Message,Productivity Game,6min est,1280,AI & Machine Learning,2.0,Standard import. Topic: AI & Machine Learning
289,Make people feel heard (build better relationships): HOW TO LISTEN WITH INTENTION by Patrick King,Productivity Game,6min est,1265,AI & Machine Learning,2.0,Standard import. Topic: AI & Machine Learning
290,How To Avoid Getting Ghosted,Improvement Pill,6min est,1218,AI & Machine Learning,2.0,Standard import. Topic: AI & Machine Learning
291,The Crazy-Fast Logistics of Flower Distribution,Half as Interesting,5min est,1098,AI & Machine Learning,2.0,Standard import. Topic: AI & Machine Learning
292,itélé.mp4,Tom Nash,5min est,1044,AI & Machine Learning,2.0,Standard import. Topic: AI & Machine Learning
293,Robert Herjavec: The hidden reason smart people stop growing | Big Think+,Big Think,5min est,1035,AI & Machine Learning,2.0,Standard import. Topic: AI & Machine Learning
294,10 Most Heartbreaking Moments from Kuch Rang Pyar ke Aise bhi  |Shaheer & Erica | krpkab |,Deep Look,5min est,1022,AI & Machine Learning,2.0,Standard import. Topic: AI & Machine Learning
295,Is The Penny *Finally* Dead?,CGP Grey,4min est,847,AI & Machine Learning,2.0,Standard import. Topic: AI & Machine Learning
296,Kuch rang pyar ke aise bhi - An Indian Show that can beat Hollywood |Video Essay| Shaheer & Erica|,Deep Look,4min est,830,AI & Machine Learning,2.0,Standard import. Topic: AI & Machine Learning
297,How Thorne Became One Of Gen Z's Favorite Wellness Brands,CNBC,3min est,644,AI & Machine Learning,2.0,Standard import. Topic: AI & Machine Learning
298,Toxic positivity is corrupting America | Kate Bowler,Big Think,2min est,541,AI & Machine Learning,2.0,Standard import. Topic: AI & Machine Learning
